{"frameRate":24,"isGlobal":0,"name":"ppp","version":"5.0","armature":[{"skin":[{"name":"","slot":[{"display":[{"edges":[12,11,13,12,1,23,23,22,0,24,24,1,25,0,3,13,21,3,11,2,22,26,26,21,27,25,28,27,2,29,29,28],"vertices":[-58,-107.5,58,-107.5,-58,107.5,58,107.5,-50.5,-5.39,-38.74,2.27,-26.06,8.1,-40.44,18.47,-39.6,37.85,-39.81,63.79,-39.86,86.56,-39.3,107.5,-4.34,107.5,30.17,107.5,30.88,85.81,29.53,64.15,30.72,44.23,30.32,20.42,17.65,7.14,34.28,5.32,45.93,-3.77,58,-14.16,58,-51.68,58,-83.31,1.1,-107.5,-58,-48.84,58,-20.41,-58,-38.38,-58,-29.94,-58,-20.6,-52.72,-15.5,-31.07,4.72,-30.84,15.07,20.39,13.42,12.52,3.42,22.12,3.23],"bonePose":[12,0.2124799652042843,-0.9771654232456172,0.9771654232456172,0.2124799652042843,95.93200780013434,-262.39047448884014,8,0.06963374370972915,-0.9975726247932868,0.9975726247932868,0.06963374370972915,93.90218417099574,-233.31123247611586],"path":"body","triangles":[19,17,20,17,16,20,35,20,26,16,15,3,15,14,3,14,13,3,26,20,21,16,3,21,20,16,21,24,23,1,35,26,22,34,35,22,23,24,22,24,34,22,24,25,34,35,19,20,27,31,34,25,27,34,33,16,17,33,17,19,35,33,19,27,30,31,15,12,14,14,12,13,33,8,16,9,15,16,8,9,16,32,8,33,9,12,15,9,10,12,31,6,34,34,6,33,6,32,33,34,18,35,18,33,35,18,34,33,0,25,24,27,28,30,30,5,31,10,11,12,30,4,5,7,8,32,31,32,6,31,5,32,5,7,32,28,29,30,9,2,10,4,7,5,10,2,11,2,9,8,4,2,8,7,4,8,30,29,4,29,2,4],"slotPose":[0.9989434962732151,0.04595531801011981,-0.04595531801011981,0.9989434962732151,100.799532383139,-255.290010642054],"weights":[1,12,1,1,12,1,1,8,1,1,8,1,1,12,1,1,12,1,2,12,0.3893889797944425,8,0.6106110202055575,1,8,1,1,8,1,1,8,1,1,8,1,1,8,1,1,8,1,1,8,1,1,8,1,1,8,1,1,8,1,1,8,1,2,12,0.67,8,0.33,1,12,1,1,12,1,1,12,1,1,12,1,1,12,1,1,12,1,1,12,1,1,12,1,1,12,1,1,12,1,1,12,1,1,12,1,1,12,1,2,12,0.14,8,0.86,2,12,0.11,8,0.89,1,12,1,1,12,1],"userEdges":[],"uvs":[0,0,1,0,0,1,1,1,0.06465,0.47491,0.16607,0.51057,0.27539,0.53766,0.15135,0.58438,0.1586,0.67486,0.15681,0.79594,0.15635,0.90226,0.16122,1,0.46258,1,0.76011,1,0.76618,0.89912,0.75457,0.79838,0.76479,0.7057,0.76349,0.59497,0.65351,0.53319,0.79733,0.52475,0.89683,0.48244,1,0.43416,1,0.25965,1,0.11252,0.5095,0,0,0.27286,1,0.40507,0,0.32148,0,0.36073,0,0.40417,0.04554,0.42789,0.2322,0.52197,0.23414,0.56965,0.67699,0.56241,0.60923,0.5159,0.6921,0.51501],"type":"mesh","transform":{"y":5.2049,"x":47.4392,"skX":90.3215,"skY":90.3215},"width":116,"height":215,"name":"body"}],"name":"body"},{"display":[{"edges":[0,1,2,0,3,2,4,3,5,4,17,16,1,28,28,27,27,17,5,16],"vertices":[-25.5,-70,25.5,-70,-25.5,-56.32,-25.5,-43.83,-25.5,-28.36,-25.5,-10.68,-14.53,-3.28,-7.44,-2.19,-7.24,4.91,-7.88,13.83,-7.97,20.94,-8.1,28.59,-8.48,36.31,-8.86,43.72,-9.22,52.04,-9.29,61.89,-9.06,70,13.39,70,12.48,58.76,7.75,54.29,6.86,46.02,6.94,36.81,7.64,29.69,7.66,20.13,8.35,11.21,8.39,2,13.78,-3.4,25.5,-15.46,25.5,-40.43],"bonePose":[4,0.008364535938724757,0.9999650166573477,-0.9999650166573477,0.008364535938724757,100.73742794140561,-162.13495694798212,10,-0.0750283790736324,0.9971813989107413,-0.9971813989107413,-0.0750283790736324,101.44305042161363,-77.77907631767023],"path":"leg","triangles":[20,19,18,21,20,18,22,21,18,25,24,26,3,4,28,2,3,28,2,28,1,0,2,1,22,18,27,23,22,27,26,24,27,24,23,27,7,26,27,28,4,27,4,7,27,18,17,27,19,15,18,18,15,17,15,16,17,7,25,26,4,6,7,14,19,20,10,11,22,8,9,24,10,22,23,24,9,23,8,24,25,7,8,25,9,10,23,14,15,19,11,12,21,12,13,21,21,13,20,11,21,22,13,14,20,4,5,6,6,9,8,6,8,7,5,11,10,5,10,9,6,5,9,11,5,12,12,5,13,5,14,13,15,5,16,14,5,15],"slotPose":[0.9995799776850967,0.028980479827995557,-0.028980479827995557,0.9995799776850967,98.52527562031287,-93.09624345089604],"weights":[2,4,0.9244277899715526,10,0.07557221002844743,1,4,1,1,4,1,1,4,1,1,4,1,1,4,1,1,4,1,1,4,1,1,4,1,2,4,0.66,10,0.34,2,4,0.29,10,0.71,2,4,0.08,10,0.92,1,10,1,1,10,1,1,10,1,1,10,1,1,10,1,1,10,1,1,10,1,1,10,1,1,10,1,1,10,1,2,4,0.09298345864377817,10,0.9070165413562219,2,4,0.23,10,0.77,2,4,0.74,10,0.26,1,4,1,1,4,1,1,4,1,1,4,1],"userEdges":[],"uvs":[0,0,1,0,0,0.09773,0,0.18696,0,0.29744,0,0.42369,0.21517,0.47654,0.35408,0.48436,0.35812,0.53506,0.34553,0.59879,0.34369,0.64954,0.34118,0.70424,0.33379,0.75934,0.32624,0.8123,0.31919,0.87168,0.31793,0.94208,0.32245,1,0.76246,1,0.74476,0.91971,0.65199,0.88782,0.63453,0.82869,0.63617,0.76293,0.64977,0.71205,0.65022,0.6438,0.66379,0.58006,0.66444,0.51431,0.77023,0.47568,1,0.3896,1,0.21119],"type":"mesh","transform":{"y":4.0588,"x":-15.0551,"skX":-92.6422,"skY":-92.6422},"width":51,"height":140,"name":"leg"}],"name":"leg1"},{"display":[{"edges":[0,1,3,2,4,0,5,4,6,5,8,7,2,9,9,8,10,3,11,10,12,11,14,13,1,15,15,14,13,16,16,12,7,17,17,6],"vertices":[-5,-47.5,5,-47.5,-5,47.5,5,47.5,-5,-34.05,-5,-20.96,-5,-14.65,-4.99,7.39,-5,20.8,-5,33.49,5,34.86,5,20.7,5,6.05,5,-13.09,5,-19.45,5,-33.86,5,-3.69,-5,-2.14],"bonePose":[3,-0.7886169527159175,0.6148847874919825,-0.6148847874919825,-0.7886169527159175,81.98196914055805,-222.60389744779334,7,-0.8104782452153297,0.5857687376710027,-0.5857687376710027,-0.8104782452153297,48.4040613500358,-196.42319637980842],"path":"arm","triangles":[9,2,10,5,6,14,9,10,11,8,9,11,7,8,11,7,11,12,17,7,12,14,6,13,6,17,13,10,2,3,13,17,16,17,12,16,0,4,1,5,14,15,4,5,15,1,4,15],"slotPose":[0.5857687376710026,0.8104782452153296,-0.8104782452153296,0.5857687376710026,45.8422427756212,-195.62851407726987],"weights":[1,3,1,1,3,1,1,7,1,1,7,1,1,3,1,1,3,1,1,3,1,1,7,1,1,7,1,1,7,1,1,7,1,1,7,1,1,7,1,1,3,1,1,3,1,1,3,1,2,3,0.5139268321648103,7,0.4860731678351897,2,3,0.4948666548828312,7,0.5051333451171688],"userEdges":[],"uvs":[0,0,1,0,0,1,1,1,0,0.14157,0,0.2794,0,0.34578,0,0.57159,0,0.71895,0,0.85248,1,0.86693,1,0.71784,1,0.56372,0.9999,0.36896,1,0.29526,1,0.14353,0.99994,0.46538,0,0.47746],"type":"mesh","transform":{"y":0.8566,"x":2.5418,"skX":-90,"skY":-90},"width":10,"height":95,"name":"arm"}],"name":"arm"},{"display":[{"path":"hair","type":"image","name":"hair","transform":{"y":-21.1697,"x":3.9684,"skX":141.8428,"skY":141.8428}}],"name":"hair"},{"display":[{"edges":[0,1,3,2,1,4,4,5,5,6,6,7,7,8,8,9,9,10,10,3,2,11,11,12,12,13,13,14,14,15,15,16,16,17,17,0],"vertices":[-5,-47.5,5,-47.5,-5,47.5,5,47.5,5,-37.28,5,-23.79,5,-13.86,5,-2.51,5,9.07,5,21.3,5,34.8,-5,34.68,-5,21.23,-5,10.01,-5,-2.58,-5,-13.05,-5,-23.67,-5,-35.84],"bonePose":[5,0.12144727058360466,0.9925978845775326,-0.9925978845775326,0.12144727058360466,152.7,-233.89999999999998,11,-0.03801597782672947,0.9992771314454653,-0.9992771314454653,-0.03801597782672947,157.90000000000003,-190.20000000000002],"path":"arm","triangles":[14,13,8,14,8,7,15,14,7,15,7,6,16,15,6,16,6,5,17,16,5,17,5,4,0,17,4,2,3,10,11,2,10,0,4,1,8,13,9,13,12,9,11,10,9,12,11,9],"slotPose":[0.9994213048880524,-0.03401551610460795,0.03401551610460795,0.9994213048880524,154.42524555310294,-190.03922471239892],"weights":[1,5,1,1,5,1,1,11,1,1,11,1,1,5,1,1,5,1,1,5,1,2,5,0.7694465454233754,11,0.23055345457662454,2,5,0.03607678093045891,11,0.963923219069541,1,11,1,1,11,1,1,11,1,1,11,1,1,11,1,2,5,0.51,11,0.49,1,5,1,1,5,1,1,5,1],"userEdges":[],"uvs":[0,0,1,0,0,1,1,1,1,0.10755,1,0.24956,1,0.35414,1,0.47359,1,0.59552,1,0.72419,1,0.86632,0,0.86501,0,0.72346,0,0.60534,0,0.47286,0,0.36268,0,0.25084,0,0.12269],"type":"mesh","transform":{"y":3.4661,"x":0.2928,"skX":-94.128,"skY":-94.128},"width":10,"height":95,"name":"arm"}],"name":"arm1"},{"display":[{"edges":[0,2,2,3,3,4,4,5,5,1,1,6,6,7,7,8,8,9,19,20,20,21,33,34,34,35,35,36,36,0,9,19,32,33,21,32],"vertices":[-25.5,-70,25.5,-70,-15.15,-70,-5.03,-70,3.96,-70,15.89,-70,25.5,-57.97,25.5,-43.99,25.5,-30.59,25.5,-17.79,15.62,-3.14,6.36,-3.15,6.08,6.72,6.37,15.91,6.68,25.76,6.08,35.03,5.24,46.37,6.4,54.38,11.34,60.18,13.12,70,4,70,-7.97,70,-7.36,62.28,-7.59,54.83,-8.14,47.09,-8.08,39.64,-7.42,32.16,-6.8,23.19,-6.8,13.98,-6.48,5.32,-6.12,-2.45,-18.35,-2.96,-25.5,-7.46,-25.5,-20.23,-25.5,-36.96,-25.5,-46.8,-25.5,-58.41],